{"cameraMode":{"drawMode":0,"name":"Shaded","section":"Shading Mode"},"sceneLighting":true,"audioPlay":false,"sceneViewState":{"m_AlwaysRefresh":false,"showFog":false,"showSkybox":true,"showFlares":true,"showImageEffects":true,"showParticleSystems":true,"showVisualEffectGraphs":true,"m_FxEnabled":true},"in2DMode":false,"pivot":{"x":3.1898796558380129,"y":-2.2605342864990236,"z":99.18553161621094},"rotation":{"x":-0.1892162561416626,"y":0.06680937111377716,"z":-0.012906038202345372,"w":-0.979584813117981},"size":10.341525077819825,"orthographic":false}