{"cameraMode":{"drawMode":0,"name":"Shaded","section":"Shading Mode"},"sceneLighting":true,"audioPlay":false,"sceneViewState":{"m_AlwaysRefresh":false,"showFog":false,"showSkybox":true,"showFlares":true,"showImageEffects":true,"showParticleSystems":true,"showVisualEffectGraphs":true,"m_FxEnabled":true},"in2DMode":false,"pivot":{"x":1.6964607238769532,"y":-4.7518157958984379,"z":108.90281677246094},"rotation":{"x":-0.15049847960472108,"y":-0.16759134829044343,"z":0.025897033512592317,"w":-0.9739588499069214},"size":18.705509185791017,"orthographic":false}